<?xml version="1.0" encoding="UTF-8"?>
<project-private xmlns="http://www.netbeans.org/ns/project-private/1">
    <editor-bookmarks xmlns="http://www.netbeans.org/ns/editor-bookmarks/2" lastBookmarkId="0"/>
    <open-files xmlns="http://www.netbeans.org/ns/projectui-open-files/2">
        <group>
            <file>file:/C:/Users/acmor/Desktop/Java%20project%204/AnnuityWeb/src/java/servlets/AnnuityCalcServlet.java</file>
            <file>file:/C:/Users/acmor/Desktop/Java%20project%204/AnnuityWeb/web/WEB-INF/web.xml</file>
            <file>file:/C:/Users/acmor/Desktop/Java%20project%204/AnnuityWeb/src/java/business/AnnuityMonth.java</file>
            <file>file:/C:/Users/acmor/Desktop/Java%20project%204/AnnuityWeb/web/AnnuitySchedule.jsp</file>
            <file>file:/C:/Users/acmor/Desktop/Java%20project%204/AnnuityWeb/src/java/business/Annuity.java</file>
            <file>file:/C:/Users/acmor/Desktop/Java%20project%204/AnnuityWeb/web/AnnuityResults.jsp</file>
            <file>file:/C:/Users/acmor/Desktop/Java%20project%204/AnnuityWeb/src/java/servlets/NewAnnuityServlet.java</file>
        </group>
    </open-files>
</project-private>
